"Cluster"	"Vserver"	"CifsServer"	"FS1Alias"	"ShareName"	"Path"	"UNCPath"
"AT4-NTAP01"	"AT4-SMB01"	"AT4-SMB01"	"at4fs1"	"Shares$"	"/Shares"	"\\?\UNC\at4fs1\Shares$"
"AT4-NTAP01"	"AT4-SMB01"	"AT4-SMB01"	"at4fs1"	"Xchange"	"/Shares/NONREPLICATE/Xchange"	"\\?\UNC\at4fs1\Xchange"
"AT4-NTAP01"	"AT4-SMB01"	"AT4-SMB01"	"at4fs1"	"UpdateManager"	"/Shares/REPLICATE/UpdateManager"	"\\?\UNC\at4fs1\UpdateManager"
"AT4-NTAP01"	"ATL-SMB01"	"ATL-SMB01"	"atlfs1"	"Shares$"	"/Shares"	"\\?\UNC\atlfs1\Shares$"
"AT4-NTAP01"	"ATL-SMB01"	"ATL-SMB01"	"atlfs1"	"Xchange"	"/Shares/NONREPLICATE/Xchange"	"\\?\UNC\atlfs1\Xchange"
"AT4-NTAP01"	"ATL-SMB01"	"ATL-SMB01"	"atlfs1"	"FAC_Elec-Cntls"	"/Shares/REPLICATE/FAC_Elec-cntls"	"\\?\UNC\atlfs1\FAC_Elec-Cntls"
"AT4-NTAP01"	"ATL-SMB01"	"ATL-SMB01"	"atlfs1"	"FAC_Proj_Mgmt"	"/Shares/REPLICATE/FAC_Proj_Mgmt"	"\\?\UNC\atlfs1\FAC_Proj_Mgmt"
"AT4-NTAP01"	"ATL-SMB01"	"ATL-SMB01"	"atlfs1"	"FAC_Shared"	"/Shares/REPLICATE/FAC_Shared"	"\\?\UNC\atlfs1\FAC_Shared"
"AT4-NTAP01"	"ATL-SMB01"	"ATL-SMB01"	"atlfs1"	"Generation"	"/Shares/REPLICATE/generation"	"\\?\UNC\atlfs1\Generation"
"AT4-NTAP01"	"ATL-SMB01"	"ATL-SMB01"	"atlfs1"	"MultiDept"	"/Shares/REPLICATE/MultiDept"	"\\?\UNC\atlfs1\MultiDept"
"AT4-NTAP01"	"ATL-SMB01"	"ATL-SMB01"	"atlfs1"	"PTE"	"/Shares/REPLICATE/PTE"	"\\?\UNC\atlfs1\PTE"
"AT4-NTAP01"	"ATL-SMB01"	"ATL-SMB01"	"atlfs1"	"Standards"	"/Shares/REPLICATE/Standards"	"\\?\UNC\atlfs1\Standards"
"AT4-NTAP01"	"ATL-SMB01"	"ATL-SMB01"	"atlfs1"	"Studies"	"/Shares/REPLICATE/Studies"	"\\?\UNC\atlfs1\Studies"
"AT4-NTAP01"	"ATL-SMB01"	"ATL-SMB01"	"atlfs1"	"Substation"	"/Shares/REPLICATE/Substation"	"\\?\UNC\atlfs1\Substation"
"AT4-NTAP01"	"ATL-SMB01"	"ATL-SMB01"	"atlfs1"	"TanDpm"	"/Shares/REPLICATE/TanDpm"	"\\?\UNC\atlfs1\TanDpm"
"AT4-NTAP01"	"ATL-SMB01"	"ATL-SMB01"	"atlfs1"	"UpdateManager"	"/Shares/REPLICATE/UpdateManager"	"\\?\UNC\atlfs1\UpdateManager"
"AT4-NTAP01"	"BIR-SMB01"	"BIR-SMB01"	"birfs1"	"Shares$"	"/Shares"	"\\?\UNC\birfs1\Shares$"
"AT4-NTAP01"	"BIR-SMB01"	"BIR-SMB01"	"birfs1"	"Xchange"	"/Shares/NONREPLICATE/Xchange"	"\\?\UNC\birfs1\Xchange"
"AT4-NTAP01"	"BIR-SMB01"	"BIR-SMB01"	"birfs1"	"Hardy_Archive"	"/Shares/REPLICATE/Hardy_Archive"	"\\?\UNC\birfs1\Hardy_Archive"
"AT4-NTAP01"	"BIR-SMB01"	"BIR-SMB01"	"birfs1"	"Projects"	"/Shares/REPLICATE/Projects"	"\\?\UNC\birfs1\Projects"
"AT4-NTAP01"	"FMC-SMB01"	"FMC-SMB01"	"fmcfs1"	"Shares$"	"/Shares"	"\\?\UNC\fmcfs1\Shares$"
"AT4-NTAP01"	"FMC-SMB01"	"FMC-SMB01"	"fmcfs1"	"Xchange"	"/Shares/NONREPLICATE/Xchange"	"\\?\UNC\fmcfs1\Xchange"
"AT4-NTAP01"	"FMC-SMB01"	"FMC-SMB01"	"fmcfs1"	"Line"	"/Shares/REPLICATE/Line"	"\\?\UNC\fmcfs1\Line"
"AT4-NTAP01"	"FMC-SMB01"	"FMC-SMB01"	"fmcfs1"	"SAS"	"/Shares/REPLICATE/SAS"	"\\?\UNC\fmcfs1\SAS"
"AT4-NTAP01"	"FMC-SMB01"	"FMC-SMB01"	"fmcfs1"	"Substation"	"/Shares/REPLICATE/Substation"	"\\?\UNC\fmcfs1\Substation"
"AT4-NTAP01"	"FMC-SMB01"	"FMC-SMB01"	"fmcfs1"	"UpdateManager"	"/Shares/REPLICATE/UpdateManager"	"\\?\UNC\fmcfs1\UpdateManager"
"AT4-NTAP01"	"FTL-SMB01"	"FTL-SMB01"	"ftlfs1"	"Shares$"	"/Shares"	"\\?\UNC\ftlfs1\Shares$"
"AT4-NTAP01"	"FTL-SMB01"	"FTL-SMB01"	"ftlfs1"	"Xchange"	"/Shares/NONREPLICATE/Xchange"	"\\?\UNC\ftlfs1\Xchange"
"AT4-NTAP01"	"FTL-SMB01"	"FTL-SMB01"	"ftlfs1"	"Environmental"	"/Shares/REPLICATE/Environmental"	"\\?\UNC\ftlfs1\Environmental"
"AT4-NTAP01"	"FTL-SMB01"	"FTL-SMB01"	"ftlfs1"	"Line"	"/Shares/REPLICATE/Line"	"\\?\UNC\ftlfs1\Line"
"AT4-NTAP01"	"FTL-SMB01"	"FTL-SMB01"	"ftlfs1"	"PD_DistMgmt"	"/Shares/REPLICATE/PD_DistMgmt"	"\\?\UNC\ftlfs1\PD_DistMgmt"
"AT4-NTAP01"	"FTL-SMB01"	"FTL-SMB01"	"ftlfs1"	"Substation"	"/Shares/REPLICATE/Substation"	"\\?\UNC\ftlfs1\Substation"
"AT4-NTAP01"	"ORL-SMB01"	"ORL-SMB01"	"orlfs1"	"Shares$"	"/Shares"	"\\?\UNC\orlfs1\Shares$"
"AT4-NTAP01"	"ORL-SMB01"	"ORL-SMB01"	"orlfs1"	"Xchange"	"/Shares/NONREPLICATE/Xchange"	"\\?\UNC\orlfs1\Xchange"
"AT4-NTAP01"	"ORL-SMB01"	"ORL-SMB01"	"orlfs1"	"Line"	"/Shares/REPLICATE/Line"	"\\?\UNC\orlfs1\Line"
"AT4-NTAP01"	"ORL-SMB01"	"ORL-SMB01"	"orlfs1"	"PCI"	"/Shares/REPLICATE/PCI"	"\\?\UNC\orlfs1\PCI"
"AT4-NTAP01"	"ORL-SMB01"	"ORL-SMB01"	"orlfs1"	"PD_DistMgmt"	"/Shares/REPLICATE/PD_DistMgmt"	"\\?\UNC\orlfs1\PD_DistMgmt"
"AT4-NTAP01"	"ORL-SMB01"	"ORL-SMB01"	"orlfs1"	"RAM_120"	"/Shares/REPLICATE/RAM_120"	"\\?\UNC\orlfs1\RAM_120"
"AT4-NTAP01"	"ORL-SMB01"	"ORL-SMB01"	"orlfs1"	"Reference"	"/Shares/REPLICATE/Reference"	"\\?\UNC\orlfs1\Reference"
"AT4-NTAP01"	"ORL-SMB01"	"ORL-SMB01"	"orlfs1"	"SAS"	"/Shares/REPLICATE/SAS"	"\\?\UNC\orlfs1\SAS"
"AT4-NTAP01"	"ORL-SMB01"	"ORL-SMB01"	"orlfs1"	"Substation"	"/Shares/REPLICATE/Substation"	"\\?\UNC\orlfs1\Substation"
"AT4-NTAP01"	"ORL-SMB01"	"ORL-SMB01"	"orlfs1"	"UpdateManager"	"/Shares/REPLICATE/UpdateManager"	"\\?\UNC\orlfs1\UpdateManager"
"BDC-CDOTCLST01"	"BDC-SVMA01"	"BDC-SVMAFS01"	"bdcfs1"	"Shares$"	"/Shares"	"\\?\UNC\bdcfs1\Shares$"
"BDC-CDOTCLST01"	"BDC-SVMA01"	"BDC-SVMAFS01"	"bdcfs1"	"AppsScm_Backups"	"/Shares/AppsScm_Backups"	"\\?\UNC\bdcfs1\AppsScm_Backups"
"BDC-CDOTCLST01"	"BDC-SVMA01"	"BDC-SVMAFS01"	"bdcfs1"	"ArcGIS_HA$"	"/Shares/ArcGIS_HA"	"\\?\UNC\bdcfs1\ArcGIS_HA$"
"BDC-CDOTCLST01"	"BDC-SVMA01"	"BDC-SVMAFS01"	"bdcfs1"	"AUS_GIS"	"/Shares/AUS_GIS"	"\\?\UNC\bdcfs1\AUS_GIS"
"BDC-CDOTCLST01"	"BDC-SVMA01"	"BDC-SVMAFS01"	"bdcfs1"	"CAE-Apps"	"/Shares/CAE_Apps"	"\\?\UNC\bdcfs1\CAE-Apps"
"BDC-CDOTCLST01"	"BDC-SVMA01"	"BDC-SVMAFS01"	"bdcfs1"	"CMSoftware"	"/Shares/CMSoftware"	"\\?\UNC\bdcfs1\CMSoftware"
"BDC-CDOTCLST01"	"BDC-SVMA01"	"BDC-SVMAFS01"	"bdcfs1"	"CAE"	"/Shares/Departments/CAE"	"\\?\UNC\bdcfs1\CAE"
"BDC-CDOTCLST01"	"BDC-SVMA01"	"BDC-SVMAFS01"	"bdcfs1"	"Env_GIS"	"/Shares/Env_GIS"	"\\?\UNC\bdcfs1\Env_GIS"
"BDC-CDOTCLST01"	"BDC-SVMA01"	"BDC-SVMAFS01"	"bdcfs1"	"Facilities"	"/Shares/Facilities"	"\\?\UNC\bdcfs1\Facilities"
"BDC-CDOTCLST01"	"BDC-SVMA01"	"BDC-SVMAFS01"	"bdcfs1"	"Generation"	"/Shares/Generation"	"\\?\UNC\bdcfs1\Generation"
"BDC-CDOTCLST01"	"BDC-SVMA01"	"BDC-SVMAFS01"	"bdcfs1"	"IEB"	"/Shares/IEB"	"\\?\UNC\bdcfs1\IEB"
"BDC-CDOTCLST01"	"BDC-SVMA01"	"BDC-SVMAFS01"	"bdcfs1"	"PD_Scans"	"/Shares/PD_Scans"	"\\?\UNC\bdcfs1\PD_Scans"
"BDC-CDOTCLST01"	"BDC-SVMA01"	"BDC-SVMAFS01"	"bdcfs1"	"Projects"	"/Shares/Projects"	"\\?\UNC\bdcfs1\Projects"
"BDC-CDOTCLST01"	"BDC-SVMA01"	"BDC-SVMAFS01"	"bdcfs1"	"Reference"	"/Shares/Reference"	"\\?\UNC\bdcfs1\Reference"
"BDC-CDOTCLST01"	"BDC-SVMA01"	"BDC-SVMAFS01"	"bdcfs1"	"SQL_DB_Backups"	"/Shares/SQL_DB_Backups"	"\\?\UNC\bdcfs1\SQL_DB_Backups"
"BDC-CDOTCLST01"	"BDC-SVMA01"	"BDC-SVMAFS01"	"bdcfs1"	"UpdateManager"	"/Shares/UpdateManager"	"\\?\UNC\bdcfs1\UpdateManager"
"BDC-CDOTCLST01"	"BDC-SVMA01"	"BDC-SVMAFS01"	"bdcfs1"	"Xchange"	"/Shares/Xchange"	"\\?\UNC\bdcfs1\Xchange"
"BDC-CDOTCLST01"	"DDCD-SMB01"	"DDCD-SMB01"	"bdcdpwfs1"	"Shares$"	"/Shares"	"\\?\UNC\bdcdpwfs1\Shares$"
"BDC-CDOTCLST01"	"DDCD-SMB01"	"DDCD-SMB01"	"bdcdpwfs1"	"PW"	"/Shares/PW"	"\\?\UNC\bdcdpwfs1\PW"
"BDC-CDOTCLST01"	"DDCD-SMB01"	"DDCD-SMB01"	"bdcdpwfs1"	"SQL_DB_Backups"	"/Shares/SQL_DB_Backups"	"\\?\UNC\bdcdpwfs1\SQL_DB_Backups"
"BDC-CDOTCLST01"	"DDCD-SMB01"	"DDCD-SMB01"	"bdcdpwfs1"	"Vault_Backup"	"/Shares/Vault_Backup"	"\\?\UNC\bdcdpwfs1\Vault_Backup"
"BDC-CDOTCLST01"	"DDCD-SMB01"	"DDCD-SMB01"	"bdcdpwfs1"	"Vault_Filestore$"	"/Shares/Vault_FileStore"	"\\?\UNC\bdcdpwfs1\Vault_Filestore$"
"CDC-CDOTCLST01"	"CDC-SVMA01"	"CDC-SVMAFS01"	"cdcfs1"	"Shares$"	"/Shares"	"\\?\UNC\cdcfs1\Shares$"
"CDC-CDOTCLST01"	"CDC-SVMA01"	"CDC-SVMAFS01"	"cdcfs1"	"Attachment_Archive$"	"/Shares/Attachment_Archive"	"\\?\UNC\cdcfs1\Attachment_Archive$"
"CDC-CDOTCLST01"	"CDC-SVMA01"	"CDC-SVMAFS01"	"cdcfs1"	"Automation"	"/Shares/Automation"	"\\?\UNC\cdcfs1\Automation"
"CDC-CDOTCLST01"	"CDC-SVMA01"	"CDC-SVMAFS01"	"cdcfs1"	"Azure_Data_Factory"	"/Shares/Azure_Data_Factory"	"\\?\UNC\cdcfs1\Azure_Data_Factory"
"CDC-CDOTCLST01"	"CDC-SVMA01"	"CDC-SVMAFS01"	"cdcfs1"	"BAL"	"/Shares/BAL"	"\\?\UNC\cdcfs1\BAL"
"CDC-CDOTCLST01"	"CDC-SVMA01"	"CDC-SVMAFS01"	"cdcfs1"	"ConEst"	"/Shares/ConEst"	"\\?\UNC\cdcfs1\ConEst"
"CDC-CDOTCLST01"	"CDC-SVMA01"	"CDC-SVMAFS01"	"cdcfs1"	"Discovery"	"/Shares/Discovery"	"\\?\UNC\cdcfs1\Discovery"
"CDC-CDOTCLST01"	"CDC-SVMA01"	"CDC-SVMAFS01"	"cdcfs1"	"Enviro_Service"	"/Shares/Enviro_Service"	"\\?\UNC\cdcfs1\Enviro_Service"
"CDC-CDOTCLST01"	"CDC-SVMA01"	"CDC-SVMAFS01"	"cdcfs1"	"Facilities"	"/Shares/Facilities"	"\\?\UNC\cdcfs1\Facilities"
"CDC-CDOTCLST01"	"CDC-SVMA01"	"CDC-SVMAFS01"	"cdcfs1"	"Facilities_Scans"	"/Shares/Facilities_Scans"	"\\?\UNC\cdcfs1\Facilities_Scans"
"CDC-CDOTCLST01"	"CDC-SVMA01"	"CDC-SVMAFS01"	"cdcfs1"	"HST"	"/Shares/HST"	"\\?\UNC\cdcfs1\HST"
"CDC-CDOTCLST01"	"CDC-SVMA01"	"CDC-SVMAFS01"	"cdcfs1"	"Projects"	"/Shares/Projects"	"\\?\UNC\cdcfs1\Projects"
"CDC-CDOTCLST01"	"CDC-SVMA01"	"CDC-SVMAFS01"	"cdcfs1"	"PW"	"/Shares/PW"	"\\?\UNC\cdcfs1\PW"
"CDC-CDOTCLST01"	"CDC-SVMA01"	"CDC-SVMAFS01"	"cdcfs1"	"Reference"	"/Shares/Reference"	"\\?\UNC\cdcfs1\Reference"
"CDC-CDOTCLST01"	"CDC-SVMA01"	"CDC-SVMAFS01"	"cdcfs1"	"SAW"	"/Shares/SAW"	"\\?\UNC\cdcfs1\SAW"
"CDC-CDOTCLST01"	"CDC-SVMA01"	"CDC-SVMAFS01"	"cdcfs1"	"CDCZ_WEB01_Backup"	"/Shares/SMB_CDCZ_WEB01_Backup"	"\\?\UNC\cdcfs1\CDCZ_WEB01_Backup"
"CDC-CDOTCLST01"	"CDC-SVMA01"	"CDC-SVMAFS01"	"cdcfs1"	"SQL_DB_Backups"	"/Shares/SQL_DB_Backups"	"\\?\UNC\cdcfs1\SQL_DB_Backups"
"CDC-CDOTCLST01"	"CDC-SVMA01"	"CDC-SVMAFS01"	"cdcfs1"	"UpdateManager"	"/Shares/UpdateManager"	"\\?\UNC\cdcfs1\UpdateManager"
"CDC-CDOTCLST01"	"CDC-SVMA01"	"CDC-SVMAFS01"	"cdcfs1"	"Vault_Backup"	"/Shares/Vault_Backup"	"\\?\UNC\cdcfs1\Vault_Backup"
"CDC-CDOTCLST01"	"CDC-SVMA01"	"CDC-SVMAFS01"	"cdcfs1"	"Vault_FileStore$"	"/Shares/Vault_FileStore"	"\\?\UNC\cdcfs1\Vault_FileStore$"
"CDC-CDOTCLST01"	"CDC-SVMA01"	"CDC-SVMAFS01"	"cdcfs1"	"Xchange"	"/Shares/Xchange"	"\\?\UNC\cdcfs1\Xchange"
"CH3-NTAP01"	"APL-SMB01"	"APL-SMB01"	"aplfs1"	"Shares$"	"/Shares"	"\\?\UNC\aplfs1\Shares$"
"CH3-NTAP01"	"APL-SMB01"	"APL-SMB01"	"aplfs1"	"Xchange"	"/Shares/NONREPLICATE/Xchange"	"\\?\UNC\aplfs1\Xchange"
"CH3-NTAP01"	"APL-SMB01"	"APL-SMB01"	"aplfs1"	"Facilities"	"/Shares/REPLICATE/Facilities"	"\\?\UNC\aplfs1\Facilities"
"CH3-NTAP01"	"APL-SMB01"	"APL-SMB01"	"aplfs1"	"Industrial"	"/Shares/REPLICATE/Industrial"	"\\?\UNC\aplfs1\Industrial"
"CH3-NTAP01"	"ARB-SMB01"	"ARB-SMB01"	"arbfs1"	"Shares$"	"/Shares"	"\\?\UNC\arbfs1\Shares$"
"CH3-NTAP01"	"ARB-SMB01"	"ARB-SMB01"	"arbfs1"	"Xchange"	"/Shares/NONREPLICATE/Xchange"	"\\?\UNC\arbfs1\Xchange"
"CH3-NTAP01"	"ARB-SMB01"	"ARB-SMB01"	"arbfs1"	"Line"	"/Shares/REPLICATE/Line"	"\\?\UNC\arbfs1\Line"
"CH3-NTAP01"	"ARB-SMB01"	"ARB-SMB01"	"arbfs1"	"PD_DistMgmt"	"/Shares/REPLICATE/PD_DistMgmt"	"\\?\UNC\arbfs1\PD_DistMgmt"
"CH3-NTAP01"	"ARB-SMB01"	"ARB-SMB01"	"arbfs1"	"SAS"	"/Shares/REPLICATE/SAS"	"\\?\UNC\arbfs1\SAS"
"CH3-NTAP01"	"ARB-SMB01"	"ARB-SMB01"	"arbfs1"	"Substation"	"/Shares/REPLICATE/Substation"	"\\?\UNC\arbfs1\Substation"
"CH3-NTAP01"	"ARB-SMB01"	"ARB-SMB01"	"arbfs1"	"UpdateManager"	"/Shares/REPLICATE/UpdateManager"	"\\?\UNC\arbfs1\UpdateManager"
"CH3-NTAP01"	"CH3-SMB01"	"CH3-SMB01"	"ch3fs1"	"Shares$"	"/Shares"	"\\?\UNC\ch3fs1\Shares$"
"CH3-NTAP01"	"CH3-SMB01"	"CH3-SMB01"	"ch3fs1"	"Xchange"	"/Shares/NONREPLICATE/Xchange"	"\\?\UNC\ch3fs1\Xchange"
"CH3-NTAP01"	"CH3-SMB01"	"CH3-SMB01"	"ch3fs1"	"Line"	"/Shares/REPLICATE/Line"	"\\?\UNC\ch3fs1\Line"
"CH3-NTAP01"	"CH3-SMB01"	"CH3-SMB01"	"ch3fs1"	"PD_DistMgmt"	"/Shares/REPLICATE/PD_DistMgmt"	"\\?\UNC\ch3fs1\PD_DistMgmt"
"CH3-NTAP01"	"CH3-SMB01"	"CH3-SMB01"	"ch3fs1"	"Pub_Inv"	"/Shares/REPLICATE/Pub_Inv"	"\\?\UNC\ch3fs1\Pub_Inv"
"CH3-NTAP01"	"CH3-SMB01"	"CH3-SMB01"	"ch3fs1"	"UpdateManager"	"/Shares/REPLICATE/UpdateManager"	"\\?\UNC\ch3fs1\UpdateManager"
"CH3-NTAP01"	"CIN-SMB01"	"CIN-SMB01"	"cinfs1"	"Shares$"	"/Shares"	"\\?\UNC\cinfs1\Shares$"
"CH3-NTAP01"	"CIN-SMB01"	"CIN-SMB01"	"cinfs1"	"Xchange"	"/Shares/NONREPLICATE/xchange"	"\\?\UNC\cinfs1\Xchange"
"CH3-NTAP01"	"CIN-SMB01"	"CIN-SMB01"	"cinfs1"	"Archive"	"/Shares/REPLICATE/archive"	"\\?\UNC\cinfs1\Archive"
"CH3-NTAP01"	"CIN-SMB01"	"CIN-SMB01"	"cinfs1"	"RAM"	"/Shares/REPLICATE/ram"	"\\?\UNC\cinfs1\RAM"
"CH3-NTAP01"	"CIN-SMB01"	"CIN-SMB01"	"cinfs1"	"RAM120"	"/Shares/REPLICATE/ram/RAM120"	"\\?\UNC\cinfs1\RAM120"
"CH3-NTAP01"	"COL-SMB01"	"COL-SMB01"	"colfs1"	"Shares$"	"/Shares"	"\\?\UNC\colfs1\Shares$"
"CH3-NTAP01"	"COL-SMB01"	"COL-SMB01"	"colfs1"	"Xchange"	"/Shares/NONREPLICATE/Xchange"	"\\?\UNC\colfs1\Xchange"
"CH3-NTAP01"	"COL-SMB01"	"COL-SMB01"	"colfs1"	"Environmental"	"/Shares/REPLICATE/Environmental"	"\\?\UNC\colfs1\Environmental"
"CH3-NTAP01"	"COL-SMB01"	"COL-SMB01"	"colfs1"	"Line"	"/Shares/REPLICATE/Line"	"\\?\UNC\colfs1\Line"
"CH3-NTAP01"	"COL-SMB01"	"COL-SMB01"	"colfs1"	"PD_DistMgmt"	"/Shares/REPLICATE/PD_DistMgmt"	"\\?\UNC\colfs1\PD_DistMgmt"
"CH3-NTAP01"	"COL-SMB01"	"COL-SMB01"	"colfs1"	"Substation"	"/Shares/REPLICATE/Substation"	"\\?\UNC\colfs1\Substation"
"CH3-NTAP01"	"GRB-SMB01"	"GRB-SMB01"	"grbfs1"	"Shares$"	"/Shares"	"\\?\UNC\grbfs1\Shares$"
"CH3-NTAP01"	"GRB-SMB01"	"GRB-SMB01"	"grbfs1"	"Backup"	"/Shares/REPLICATE/Backup"	"\\?\UNC\grbfs1\Backup"
"CH3-NTAP01"	"GRB-SMB01"	"GRB-SMB01"	"grbfs1"	"GIS"	"/Shares/REPLICATE/GIS"	"\\?\UNC\grbfs1\GIS"
"CH3-NTAP01"	"KCK-SMB01"	"KCK-SMB01"	"kckfs1"	"Shares$"	"/Shares"	"\\?\UNC\kckfs1\Shares$"
"CH3-NTAP01"	"KCK-SMB01"	"KCK-SMB01"	"kckfs1"	"Xchange"	"/Shares/NONREPLICATE/Xchange"	"\\?\UNC\kckfs1\Xchange"
"CH3-NTAP01"	"KCK-SMB01"	"KCK-SMB01"	"kckfs1"	"KCK_Office"	"/Shares/REPLICATE/KCK_Office"	"\\?\UNC\kckfs1\KCK_Office"
"CH3-NTAP01"	"KCK-SMB01"	"KCK-SMB01"	"kckfs1"	"Line"	"/Shares/REPLICATE/Line"	"\\?\UNC\kckfs1\Line"
"CH3-NTAP01"	"KCK-SMB01"	"KCK-SMB01"	"kckfs1"	"SAS"	"/Shares/REPLICATE/SAS"	"\\?\UNC\kckfs1\SAS"
"CH3-NTAP01"	"KCK-SMB01"	"KCK-SMB01"	"kckfs1"	"Substation"	"/Shares/REPLICATE/Substation"	"\\?\UNC\kckfs1\Substation"
"CH3-NTAP01"	"MIN-SMB01"	"MIN-SMB01"	"minfs1"	"Shares$"	"/Shares"	"\\?\UNC\minfs1\Shares$"
"CH3-NTAP01"	"MIN-SMB01"	"MIN-SMB01"	"minfs1"	"Xchange"	"/Shares/NONREPLICATE/Xchange"	"\\?\UNC\minfs1\Xchange"
"CH3-NTAP01"	"MIN-SMB01"	"MIN-SMB01"	"minfs1"	"Acadstd"	"/Shares/REPLICATE/Acadstd"	"\\?\UNC\minfs1\Acadstd"
"CH3-NTAP01"	"MIN-SMB01"	"MIN-SMB01"	"minfs1"	"Facilities"	"/Shares/REPLICATE/Facilities"	"\\?\UNC\minfs1\Facilities"
"CH3-NTAP01"	"MIN-SMB01"	"MIN-SMB01"	"minfs1"	"NFD"	"/Shares/REPLICATE/NFD"	"\\?\UNC\minfs1\NFD"
"CH3-NTAP01"	"MIN-SMB01"	"MIN-SMB01"	"minfs1"	"Reference"	"/Shares/REPLICATE/Reference"	"\\?\UNC\minfs1\Reference"
"CH3-NTAP01"	"MIN-SMB01"	"MIN-SMB01"	"minfs1"	"UpdateManager"	"/Shares/REPLICATE/UpdateManager"	"\\?\UNC\minfs1\UpdateManager"
"CH3-NTAP01"	"MKE-SMB01"	"MKE-SMB01"	"mkefs1"	"Shares$"	"/Shares"	"\\?\UNC\mkefs1\Shares$"
"CH3-NTAP01"	"MKE-SMB01"	"MKE-SMB01"	"mkefs1"	"GIS"	"/Shares/REPLICATE/GIS"	"\\?\UNC\mkefs1\GIS"
"CH3-NTAP01"	"MSN-SMB01"	"MSN-SMB01"	"msnfs1"	"Shares$"	"/Shares"	"\\?\UNC\msnfs1\Shares$"
"CH3-NTAP01"	"MSN-SMB01"	"MSN-SMB01"	"msnfs1"	"Xchange"	"/Shares/NONREPLICATE/Xchange"	"\\?\UNC\msnfs1\Xchange"
"CH3-NTAP01"	"MSN-SMB01"	"MSN-SMB01"	"msnfs1"	"FAC_Shared"	"/Shares/REPLICATE/FAC_Shared"	"\\?\UNC\msnfs1\FAC_Shared"
"CH3-NTAP01"	"MSN-SMB01"	"MSN-SMB01"	"msnfs1"	"Reference"	"/Shares/REPLICATE/Reference"	"\\?\UNC\msnfs1\Reference"
"CH3-NTAP01"	"MSN-SMB01"	"MSN-SMB01"	"msnfs1"	"Standards"	"/Shares/REPLICATE/Standards"	"\\?\UNC\msnfs1\Standards"
"CH3-NTAP01"	"OPK-SMB01"	"OPK-SMB01"	"opkfs1"	"Shares$"	"/Shares"	"\\?\UNC\opkfs1\Shares$"
"CH3-NTAP01"	"OPK-SMB01"	"OPK-SMB01"	"opkfs1"	"Xchange"	"/Shares/NONREPLICATE/Xchange"	"\\?\UNC\opkfs1\Xchange"
"CH3-NTAP01"	"OPK-SMB01"	"OPK-SMB01"	"opkfs1"	"Controls"	"/Shares/REPLICATE/Controls"	"\\?\UNC\opkfs1\Controls"
"CH3-NTAP01"	"OPK-SMB01"	"OPK-SMB01"	"opkfs1"	"Facilities"	"/Shares/REPLICATE/Facilities"	"\\?\UNC\opkfs1\Facilities"
"CH3-NTAP01"	"OPK-SMB01"	"OPK-SMB01"	"opkfs1"	"Generation"	"/Shares/REPLICATE/Generation"	"\\?\UNC\opkfs1\Generation"
"CH3-NTAP01"	"OPK-SMB01"	"OPK-SMB01"	"opkfs1"	"Line"	"/Shares/REPLICATE/Line"	"\\?\UNC\opkfs1\Line"
"CH3-NTAP01"	"OPK-SMB01"	"OPK-SMB01"	"opkfs1"	"PD_DistMgmt"	"/Shares/REPLICATE/PD_DistMgmt"	"\\?\UNC\opkfs1\PD_DistMgmt"
"CH3-NTAP01"	"OPK-SMB01"	"OPK-SMB01"	"opkfs1"	"PD_PM"	"/Shares/REPLICATE/PD_PM"	"\\?\UNC\opkfs1\PD_PM"
"CH3-NTAP01"	"OPK-SMB01"	"OPK-SMB01"	"opkfs1"	"Procurement"	"/Shares/REPLICATE/Procurement"	"\\?\UNC\opkfs1\Procurement"
"CH3-NTAP01"	"OPK-SMB01"	"OPK-SMB01"	"opkfs1"	"Projects"	"/Shares/REPLICATE/Projects"	"\\?\UNC\opkfs1\Projects"
"CH3-NTAP01"	"OPK-SMB01"	"OPK-SMB01"	"opkfs1"	"PTE"	"/Shares/REPLICATE/PTE"	"\\?\UNC\opkfs1\PTE"
"CH3-NTAP01"	"OPK-SMB01"	"OPK-SMB01"	"opkfs1"	"Reference"	"/Shares/REPLICATE/Reference"	"\\?\UNC\opkfs1\Reference"
"CH3-NTAP01"	"OPK-SMB01"	"OPK-SMB01"	"opkfs1"	"SAS"	"/Shares/REPLICATE/SAS"	"\\?\UNC\opkfs1\SAS"
"CH3-NTAP01"	"OPK-SMB01"	"OPK-SMB01"	"opkfs1"	"Substation"	"/Shares/REPLICATE/Substation"	"\\?\UNC\opkfs1\Substation"
"CH3-NTAP01"	"OPK-SMB01"	"OPK-SMB01"	"opkfs1"	"UpdateManager"	"/Shares/REPLICATE/UpdateManager"	"\\?\UNC\opkfs1\UpdateManager"
"CH3-NTAP01"	"OPK-SMB01"	"OPK-SMB01"	"opkfs1"	"Sega_Archive"	"/Shares/SEGA_ARCHIVE"	"\\?\UNC\opkfs1\Sega_Archive"
"CH3-NTAP01"	"PLV-SMB01"	"PLV-SMB01"	"plvfs1"	"Shares$"	"/Shares"	"\\?\UNC\plvfs1\Shares$"
"CH3-NTAP01"	"PLV-SMB01"	"PLV-SMB01"	"plvfs1"	"Xchange"	"/Shares/NONREPLICATE/Xchange"	"\\?\UNC\plvfs1\Xchange"
"CH3-NTAP01"	"PLV-SMB01"	"PLV-SMB01"	"plvfs1"	"FAC_Elec-Cntls"	"/Shares/REPLICATE/FAC_Elec-Cntls"	"\\?\UNC\plvfs1\FAC_Elec-Cntls"
"CH3-NTAP01"	"PLV-SMB01"	"PLV-SMB01"	"plvfs1"	"Industrial"	"/Shares/REPLICATE/Industrial"	"\\?\UNC\plvfs1\Industrial"
"CH3-NTAP01"	"PLV-SMB01"	"PLV-SMB01"	"plvfs1"	"UpdateManager"	"/Shares/REPLICATE/UpdateManager"	"\\?\UNC\plvfs1\UpdateManager"
"CH3-NTAP01"	"STL-SMB01"	"STL-SMB01"	"stlfs1"	"Shares$"	"/Shares"	"\\?\UNC\stlfs1\Shares$"
"CH3-NTAP01"	"STL-SMB01"	"STL-SMB01"	"stlfs1"	"Xchange"	"/Shares/NONREPLICATE/Xchange"	"\\?\UNC\stlfs1\Xchange"
"CH3-NTAP01"	"STL-SMB01"	"STL-SMB01"	"stlfs1"	"BD"	"/Shares/REPLICATE/bd"	"\\?\UNC\stlfs1\BD"
"CH3-NTAP01"	"STL-SMB01"	"STL-SMB01"	"stlfs1"	"CAD"	"/Shares/REPLICATE/cad"	"\\?\UNC\stlfs1\CAD"
"CH3-NTAP01"	"STL-SMB01"	"STL-SMB01"	"stlfs1"	"Facilities"	"/Shares/REPLICATE/facilities"	"\\?\UNC\stlfs1\Facilities"
"CH3-NTAP01"	"STL-SMB01"	"STL-SMB01"	"stlfs1"	"ITops"	"/Shares/REPLICATE/itops"	"\\?\UNC\stlfs1\ITops"
"CH3-NTAP01"	"STL-SMB01"	"STL-SMB01"	"stlfs1"	"Lidar"	"/Shares/REPLICATE/Lidar"	"\\?\UNC\stlfs1\Lidar"
"CH3-NTAP01"	"STL-SMB01"	"STL-SMB01"	"stlfs1"	"Line"	"/Shares/REPLICATE/line"	"\\?\UNC\stlfs1\Line"
"CH3-NTAP01"	"STL-SMB01"	"STL-SMB01"	"stlfs1"	"PD_DistMgmt"	"/Shares/REPLICATE/PD_DistMgmt"	"\\?\UNC\stlfs1\PD_DistMgmt"
"CH3-NTAP01"	"STL-SMB01"	"STL-SMB01"	"stlfs1"	"Substation"	"/Shares/REPLICATE/substation"	"\\?\UNC\stlfs1\Substation"
"CH3-NTAP01"	"STL-SMB01"	"STL-SMB01"	"stlfs1"	"TDmgmt"	"/Shares/REPLICATE/tdmgmt"	"\\?\UNC\stlfs1\TDmgmt"
"CH3-NTAP01"	"STL-SMB01"	"STL-SMB01"	"stlfs1"	"UpdateManager"	"/Shares/REPLICATE/UpdateManager"	"\\?\UNC\stlfs1\UpdateManager"
"DA11-NTAP01"	"AST-SMB01"	"AST-SMB01"	"astfs1"	"Shares$"	"/Shares"	"\\?\UNC\astfs1\Shares$"
"DA11-NTAP01"	"AST-SMB01"	"AST-SMB01"	"astfs1"	"Xchange"	"/Shares/NONREPLICATE/Xchange"	"\\?\UNC\astfs1\Xchange"
"DA11-NTAP01"	"AST-SMB01"	"AST-SMB01"	"astfs1"	"Archived_Projects"	"/Shares/REPLICATE/Archived_Projects"	"\\?\UNC\astfs1\Archived_Projects"
"DA11-NTAP01"	"AST-SMB01"	"AST-SMB01"	"astfs1"	"Austin_Projects"	"/Shares/REPLICATE/Austin_Projects"	"\\?\UNC\astfs1\Austin_Projects"
"DA11-NTAP01"	"AST-SMB01"	"AST-SMB01"	"astfs1"	"Austin_Resources"	"/Shares/REPLICATE/Austin_Resources"	"\\?\UNC\astfs1\Austin_Resources"
"DA11-NTAP01"	"AUS-SMB01"	"AUS-SMB01"	"ausfs1"	"Shares$"	"/Shares"	"\\?\UNC\ausfs1\Shares$"
"DA11-NTAP01"	"AUS-SMB01"	"AUS-SMB01"	"ausfs1"	"Xchange"	"/Shares/NONREPLICATE/Xchange"	"\\?\UNC\ausfs1\Xchange"
"DA11-NTAP01"	"AUS-SMB01"	"AUS-SMB01"	"ausfs1"	"Enviro"	"/Shares/REPLICATE/Enviro"	"\\?\UNC\ausfs1\Enviro"
"DA11-NTAP01"	"AUS-SMB01"	"AUS-SMB01"	"ausfs1"	"Line"	"/Shares/REPLICATE/Line"	"\\?\UNC\ausfs1\Line"
"DA11-NTAP01"	"AUS-SMB01"	"AUS-SMB01"	"ausfs1"	"Substation"	"/Shares/REPLICATE/Substation"	"\\?\UNC\ausfs1\Substation"
"DA11-NTAP01"	"DA11-SMB01"	"DA11-SMB01"	"da11fs1"	"Shares$"	"/Shares"	"\\?\UNC\da11fs1\Shares$"
"DA11-NTAP01"	"DA11-SMB01"	"DA11-SMB01"	"da11fs1"	"Xchange"	"/Shares/NONREPLICATE/Xchange"	"\\?\UNC\da11fs1\Xchange"
"DA11-NTAP01"	"DA11-SMB01"	"DA11-SMB01"	"da11fs1"	"UpdateManager"	"/Shares/REPLICATE/UpdateManager"	"\\?\UNC\da11fs1\UpdateManager"
"DA11-NTAP01"	"FTW-SMB01"	"FTW-SMB01"	"ftwfs1"	"Shares$"	"/Shares"	"\\?\UNC\ftwfs1\Shares$"
"DA11-NTAP01"	"FTW-SMB01"	"FTW-SMB01"	"ftwfs1"	"Xchange"	"/Shares/NONREPLICATE/Xchange"	"\\?\UNC\ftwfs1\Xchange"
"DA11-NTAP01"	"FTW-SMB01"	"FTW-SMB01"	"ftwfs1"	"CPData"	"/Shares/REPLICATE/CPData"	"\\?\UNC\ftwfs1\CPData"
"DA11-NTAP01"	"FTW-SMB01"	"FTW-SMB01"	"ftwfs1"	"FTWSUS"	"/Shares/REPLICATE/FTWSUS"	"\\?\UNC\ftwfs1\FTWSUS"
"DA11-NTAP01"	"FTW-SMB01"	"FTW-SMB01"	"ftwfs1"	"Line"	"/Shares/REPLICATE/Line"	"\\?\UNC\ftwfs1\Line"
"DA11-NTAP01"	"FTW-SMB01"	"FTW-SMB01"	"ftwfs1"	"PD_DistMgmt"	"/Shares/REPLICATE/PD_DistMgmt"	"\\?\UNC\ftwfs1\PD_DistMgmt"
"DA11-NTAP01"	"FTW-SMB01"	"FTW-SMB01"	"ftwfs1"	"Project_Controls"	"/Shares/REPLICATE/Project_Controls"	"\\?\UNC\ftwfs1\Project_Controls"
"DA11-NTAP01"	"FTW-SMB01"	"FTW-SMB01"	"ftwfs1"	"SAS"	"/Shares/REPLICATE/SAS"	"\\?\UNC\ftwfs1\SAS"
"DA11-NTAP01"	"FTW-SMB01"	"FTW-SMB01"	"ftwfs1"	"Substation"	"/Shares/REPLICATE/Substation"	"\\?\UNC\ftwfs1\Substation"
"DA11-NTAP01"	"FTW-SMB01"	"FTW-SMB01"	"ftwfs1"	"UpdateManager"	"/Shares/REPLICATE/UpdateManager"	"\\?\UNC\ftwfs1\UpdateManager"
"DA11-NTAP01"	"HOU-SMB01"	"HOU-SMB01"	"houfs1"	"Shares$"	"/Shares"	"\\?\UNC\houfs1\Shares$"
"DA11-NTAP01"	"HOU-SMB01"	"HOU-SMB01"	"houfs1"	"Xchange"	"/Shares/NONREPLICATE/Xchange"	"\\?\UNC\houfs1\Xchange"
"DA11-NTAP01"	"HOU-SMB01"	"HOU-SMB01"	"houfs1"	"Archive"	"/Shares/REPLICATE/Archive"	"\\?\UNC\houfs1\Archive"
"DA11-NTAP01"	"HOU-SMB01"	"HOU-SMB01"	"houfs1"	"Enviro"	"/Shares/REPLICATE/Enviro"	"\\?\UNC\houfs1\Enviro"
"DA11-NTAP01"	"HOU-SMB01"	"HOU-SMB01"	"houfs1"	"Line"	"/Shares/REPLICATE/Line"	"\\?\UNC\houfs1\Line"
"DA11-NTAP01"	"HOU-SMB01"	"HOU-SMB01"	"houfs1"	"Reference"	"/Shares/REPLICATE/Reference"	"\\?\UNC\houfs1\Reference"
"DA11-NTAP01"	"HOU-SMB01"	"HOU-SMB01"	"houfs1"	"Substation"	"/Shares/REPLICATE/Substation"	"\\?\UNC\houfs1\Substation"
"DA11-NTAP01"	"HOU-SMB01"	"HOU-SMB01"	"houfs1"	"TnDtesting"	"/Shares/REPLICATE/TnDtesting"	"\\?\UNC\houfs1\TnDtesting"
"DA11-NTAP01"	"HOU-SMB01"	"HOU-SMB01"	"houfs1"	"UpdateManager"	"/Shares/REPLICATE/UpdateManager"	"\\?\UNC\houfs1\UpdateManager"
"DA11-NTAP01"	"SAT-SMB01"	"SAT-SMB01"	"satfs1"	"Shares$"	"/Shares"	"\\?\UNC\satfs1\Shares$"
"DA11-NTAP01"	"SAT-SMB01"	"SAT-SMB01"	"satfs1"	"SAT"	"/Shares/REPLICATE"	"\\?\UNC\satfs1\SAT"
"LAB-NTAP01"	"LAB-SMB01"	"LAB-SMB01"	"labfs1"	"Shares$"	"/Shares"	"\\?\UNC\labfs1\Shares$"
"LAB-NTAP01"	"LAB-SMB01"	"LAB-SMB01"	"labfs1"	"Test"	"/Shares/REPLICATE/Test"	"\\?\UNC\labfs1\Test"
"LAS04-NTAP01"	"DEN-SMB01"	"DEN-SMB01"	"denfs1"	"Shares$"	"/Shares"	"\\?\UNC\denfs1\Shares$"
"LAS04-NTAP01"	"DEN-SMB01"	"DEN-SMB01"	"denfs1"	"Xchange"	"/Shares/NONREPLICATE/Xchange"	"\\?\UNC\denfs1\Xchange"
"LAS04-NTAP01"	"DEN-SMB01"	"DEN-SMB01"	"denfs1"	"DENSUS"	"/Shares/REPLICATE/DENSUS"	"\\?\UNC\denfs1\DENSUS"
"LAS04-NTAP01"	"DEN-SMB01"	"DEN-SMB01"	"denfs1"	"Enviro"	"/Shares/REPLICATE/Enviro"	"\\?\UNC\denfs1\Enviro"
"LAS04-NTAP01"	"DEN-SMB01"	"DEN-SMB01"	"denfs1"	"Galena_Advisors"	"/Shares/REPLICATE/Galena_Advisors"	"\\?\UNC\denfs1\Galena_Advisors"
"LAS04-NTAP01"	"DEN-SMB01"	"DEN-SMB01"	"denfs1"	"GIS"	"/Shares/REPLICATE/GIS"	"\\?\UNC\denfs1\GIS"
"LAS04-NTAP01"	"DEN-SMB01"	"DEN-SMB01"	"denfs1"	"Line"	"/Shares/REPLICATE/Line"	"\\?\UNC\denfs1\Line"
"LAS04-NTAP01"	"DEN-SMB01"	"DEN-SMB01"	"denfs1"	"Plot Files"	"/Shares/REPLICATE/Plot Files"	"\\?\UNC\denfs1\Plot Files"
"LAS04-NTAP01"	"DEN-SMB01"	"DEN-SMB01"	"denfs1"	"Salient"	"/Shares/REPLICATE/Salient"	"\\?\UNC\denfs1\Salient"
"LAS04-NTAP01"	"DEN-SMB01"	"DEN-SMB01"	"denfs1"	"SAS"	"/Shares/REPLICATE/SAS"	"\\?\UNC\denfs1\SAS"
"LAS04-NTAP01"	"DEN-SMB01"	"DEN-SMB01"	"denfs1"	"Substation"	"/Shares/REPLICATE/Substation"	"\\?\UNC\denfs1\Substation"
"LAS04-NTAP01"	"DEN-SMB01"	"DEN-SMB01"	"denfs1"	"UpdateManager"	"/Shares/REPLICATE/UpdateManager"	"\\?\UNC\denfs1\UpdateManager"
"LAS04-NTAP01"	"LAS04-SMB01"	"LAS04-SMB01"	"las04fs1"	"Shares$"	"/Shares"	"\\?\UNC\las04fs1\Shares$"
"LAS04-NTAP01"	"LAS04-SMB01"	"LAS04-SMB01"	"las04fs1"	"Xchange"	"/Shares/NONREPLICATE/Xchange"	"\\?\UNC\las04fs1\Xchange"
"LAS04-NTAP01"	"LAS04-SMB01"	"LAS04-SMB01"	"las04fs1"	"UpdateManager"	"/Shares/REPLICATE/UpdateManager"	"\\?\UNC\las04fs1\UpdateManager"
"LAS04-NTAP01"	"LAX-SMB01"	"LAX-SMB01"	"laxfs1"	"Shares$"	"/Shares"	"\\?\UNC\laxfs1\Shares$"
"LAS04-NTAP01"	"LAX-SMB01"	"LAX-SMB01"	"laxfs1"	"Xchange"	"/Shares/NONREPLICATE/Xchange"	"\\?\UNC\laxfs1\Xchange"
"LAS04-NTAP01"	"LAX-SMB01"	"LAX-SMB01"	"laxfs1"	"Environmental"	"/Shares/REPLICATE/Environmental"	"\\?\UNC\laxfs1\Environmental"
"LAS04-NTAP01"	"LAX-SMB01"	"LAX-SMB01"	"laxfs1"	"Line"	"/Shares/REPLICATE/Line"	"\\?\UNC\laxfs1\Line"
"LAS04-NTAP01"	"LAX-SMB01"	"LAX-SMB01"	"laxfs1"	"Substation"	"/Shares/REPLICATE/Substation"	"\\?\UNC\laxfs1\Substation"
"LAS04-NTAP01"	"LAX-SMB01"	"LAX-SMB01"	"laxfs1"	"TnD_BD"	"/Shares/REPLICATE/TnD_BD"	"\\?\UNC\laxfs1\TnD_BD"
"LAS04-NTAP01"	"LAX-SMB01"	"LAX-SMB01"	"laxfs1"	"TnDtesting"	"/Shares/REPLICATE/TnDtesting"	"\\?\UNC\laxfs1\TnDtesting"
"LAS04-NTAP01"	"LAX-SMB01"	"LAX-SMB01"	"laxfs1"	"UpdateManager"	"/Shares/REPLICATE/UpdateManager"	"\\?\UNC\laxfs1\UpdateManager"
"LAS04-NTAP01"	"PHX-SMB01"	"PHX-SMB01"	"phxfs1"	"Shares$"	"/Shares"	"\\?\UNC\phxfs1\Shares$"
"LAS04-NTAP01"	"PHX-SMB01"	"PHX-SMB01"	"phxfs1"	"Xchange"	"/Shares/NONREPLICATE/Xchange"	"\\?\UNC\phxfs1\Xchange"
"LAS04-NTAP01"	"PHX-SMB01"	"PHX-SMB01"	"phxfs1"	"Environmental"	"/Shares/REPLICATE/Environmental"	"\\?\UNC\phxfs1\Environmental"
"LAS04-NTAP01"	"PHX-SMB01"	"PHX-SMB01"	"phxfs1"	"Line"	"/Shares/REPLICATE/Line"	"\\?\UNC\phxfs1\Line"
"LAS04-NTAP01"	"PHX-SMB01"	"PHX-SMB01"	"phxfs1"	"PD_DistMgmt"	"/Shares/REPLICATE/PD_DistMgmt"	"\\?\UNC\phxfs1\PD_DistMgmt"
"LAS04-NTAP01"	"PHX-SMB01"	"PHX-SMB01"	"phxfs1"	"Studies"	"/Shares/REPLICATE/Studies"	"\\?\UNC\phxfs1\Studies"
"LAS04-NTAP01"	"PHX-SMB01"	"PHX-SMB01"	"phxfs1"	"Substation"	"/Shares/REPLICATE/Substation"	"\\?\UNC\phxfs1\Substation"
"LAS04-NTAP01"	"PHX-SMB01"	"PHX-SMB01"	"phxfs1"	"TD_PDS"	"/Shares/REPLICATE/TD_PDS"	"\\?\UNC\phxfs1\TD_PDS"
"LAS04-NTAP01"	"SAC-SMB01"	"SAC-SMB01"	"sacfs1"	"Shares$"	"/Shares"	"\\?\UNC\sacfs1\Shares$"
"LAS04-NTAP01"	"SAC-SMB01"	"SAC-SMB01"	"sacfs1"	"Field_info"	"/Shares/REPLICATE/field_info"	"\\?\UNC\sacfs1\Field_info"
"LAS04-NTAP01"	"SAC-SMB01"	"SAC-SMB01"	"sacfs1"	"PCI"	"/Shares/REPLICATE/PCI"	"\\?\UNC\sacfs1\PCI"
"LAS04-NTAP01"	"SAN-SMB01"	"SAN-SMB01"	"sanfs1"	"Shares$"	"/Shares"	"\\?\UNC\sanfs1\Shares$"
"LAS04-NTAP01"	"SAN-SMB01"	"SAN-SMB01"	"sanfs1"	"Xchange"	"/Shares/NONREPLICATE/Xchange"	"\\?\UNC\sanfs1\Xchange"
"LAS04-NTAP01"	"SAN-SMB01"	"SAN-SMB01"	"sanfs1"	"Enviro"	"/Shares/REPLICATE/Enviro"	"\\?\UNC\sanfs1\Enviro"
"LAS04-NTAP01"	"SAN-SMB01"	"SAN-SMB01"	"sanfs1"	"Facilities_Mgmt"	"/Shares/REPLICATE/Facilities_Mgmt"	"\\?\UNC\sanfs1\Facilities_Mgmt"
"LAS04-NTAP01"	"SAN-SMB01"	"SAN-SMB01"	"sanfs1"	"Lidar"	"/Shares/REPLICATE/Lidar"	"\\?\UNC\sanfs1\Lidar"
"LAS04-NTAP01"	"SAN-SMB01"	"SAN-SMB01"	"sanfs1"	"Line"	"/Shares/REPLICATE/Line"	"\\?\UNC\sanfs1\Line"
"LAS04-NTAP01"	"SAN-SMB01"	"SAN-SMB01"	"sanfs1"	"PD_DistMgmt"	"/Shares/REPLICATE/PD_DistMgmt"	"\\?\UNC\sanfs1\PD_DistMgmt"
"LAS04-NTAP01"	"SAN-SMB01"	"SAN-SMB01"	"sanfs1"	"SAS"	"/Shares/REPLICATE/SAS"	"\\?\UNC\sanfs1\SAS"
"LAS04-NTAP01"	"SAN-SMB01"	"SAN-SMB01"	"sanfs1"	"Substation"	"/Shares/REPLICATE/Substation"	"\\?\UNC\sanfs1\Substation"
"LAS04-NTAP01"	"SAN-SMB01"	"SAN-SMB01"	"sanfs1"	"TnDpm"	"/Shares/REPLICATE/TnDpm"	"\\?\UNC\sanfs1\TnDpm"
"LAS04-NTAP01"	"SAN-SMB01"	"SAN-SMB01"	"sanfs1"	"UpdateManager"	"/Shares/REPLICATE/UpdateManager"	"\\?\UNC\sanfs1\UpdateManager"
"LAS04-NTAP01"	"SLC-SMB01"	"SLC-SMB01"	"slcfs1"	"Shares$"	"/Shares"	"\\?\UNC\slcfs1\Shares$"
"LAS04-NTAP01"	"SLC-SMB01"	"SLC-SMB01"	"slcfs1"	"Xchange"	"/Shares/NONREPLICATE/Xchange"	"\\?\UNC\slcfs1\Xchange"
"LAS04-NTAP01"	"SLC-SMB01"	"SLC-SMB01"	"slcfs1"	"Environmental"	"/Shares/REPLICATE/Environmental"	"\\?\UNC\slcfs1\Environmental"
"LAS04-NTAP01"	"SLC-SMB01"	"SLC-SMB01"	"slcfs1"	"PD_DistMgmt"	"/Shares/REPLICATE/PD_DistMgmt"	"\\?\UNC\slcfs1\PD_DistMgmt"
"LAS04-NTAP01"	"SLC-SMB01"	"SLC-SMB01"	"slcfs1"	"Substation"	"/Shares/REPLICATE/Substation"	"\\?\UNC\slcfs1\Substation"
"NY7-NTAP01"	"AUG-SMB01"	"AUG-SMB01"	"augfs1"	"Shares$"	"/Shares"	"\\?\UNC\augfs1\Shares$"
"NY7-NTAP01"	"AUG-SMB01"	"AUG-SMB01"	"augfs1"	"Xchange"	"/Shares/NONREPLICATE/Xchange"	"\\?\UNC\augfs1\Xchange"
"NY7-NTAP01"	"AUG-SMB01"	"AUG-SMB01"	"augfs1"	"Projects"	"/Shares/REPLICATE/Projects"	"\\?\UNC\augfs1\Projects"
"NY7-NTAP01"	"AUG-SMB01"	"AUG-SMB01"	"augfs1"	"Substation"	"/Shares/REPLICATE/Substation"	"\\?\UNC\augfs1\Substation"
"NY7-NTAP01"	"BOS-SMB01"	"BOS-SMB01"	"bosfs1"	"Shares$"	"/Shares"	"\\?\UNC\bosfs1\Shares$"
"NY7-NTAP01"	"BOS-SMB01"	"BOS-SMB01"	"bosfs1"	"Xchange"	"/Shares/NONREPLICATE/Xchange"	"\\?\UNC\bosfs1\Xchange"
"NY7-NTAP01"	"BOS-SMB01"	"BOS-SMB01"	"bosfs1"	"Environmental"	"/Shares/REPLICATE/Environmental"	"\\?\UNC\bosfs1\Environmental"
"NY7-NTAP01"	"BOS-SMB01"	"BOS-SMB01"	"bosfs1"	"Line"	"/Shares/REPLICATE/line"	"\\?\UNC\bosfs1\Line"
"NY7-NTAP01"	"BOS-SMB01"	"BOS-SMB01"	"bosfs1"	"PD_DistMgmt"	"/Shares/REPLICATE/PD_DistMgmt"	"\\?\UNC\bosfs1\PD_DistMgmt"
"NY7-NTAP01"	"BOS-SMB01"	"BOS-SMB01"	"bosfs1"	"Program_Management"	"/Shares/REPLICATE/Program_Management"	"\\?\UNC\bosfs1\Program_Management"
"NY7-NTAP01"	"BOS-SMB01"	"BOS-SMB01"	"bosfs1"	"Reference"	"/Shares/REPLICATE/Reference"	"\\?\UNC\bosfs1\Reference"
"NY7-NTAP01"	"BOS-SMB01"	"BOS-SMB01"	"bosfs1"	"Substation"	"/Shares/REPLICATE/Substation"	"\\?\UNC\bosfs1\Substation"
"NY7-NTAP01"	"FRE-SMB01"	"FRE-SMB01"	"frefs1"	"Shares$"	"/Shares"	"\\?\UNC\frefs1\Shares$"
"NY7-NTAP01"	"FRE-SMB01"	"FRE-SMB01"	"frefs1"	"Xchange"	"/Shares/NONREPLICATE/Xchange"	"\\?\UNC\frefs1\Xchange"
"NY7-NTAP01"	"FRE-SMB01"	"FRE-SMB01"	"frefs1"	"Admin"	"/Shares/REPLICATE/Admin"	"\\?\UNC\frefs1\Admin"
"NY7-NTAP01"	"FRE-SMB01"	"FRE-SMB01"	"frefs1"	"Enviro"	"/Shares/REPLICATE/Enviro"	"\\?\UNC\frefs1\Enviro"
"NY7-NTAP01"	"FRE-SMB01"	"FRE-SMB01"	"frefs1"	"ITops"	"/Shares/REPLICATE/itops"	"\\?\UNC\frefs1\ITops"
"NY7-NTAP01"	"FRE-SMB01"	"FRE-SMB01"	"frefs1"	"Line"	"/Shares/REPLICATE/line"	"\\?\UNC\frefs1\Line"
"NY7-NTAP01"	"FRE-SMB01"	"FRE-SMB01"	"frefs1"	"Project_Control"	"/Shares/REPLICATE/Project_Control"	"\\?\UNC\frefs1\Project_Control"
"NY7-NTAP01"	"FRE-SMB01"	"FRE-SMB01"	"frefs1"	"Reference"	"/Shares/REPLICATE/Reference"	"\\?\UNC\frefs1\Reference"
"NY7-NTAP01"	"FRE-SMB01"	"FRE-SMB01"	"frefs1"	"SAS"	"/Shares/REPLICATE/SAS"	"\\?\UNC\frefs1\SAS"
"NY7-NTAP01"	"FRE-SMB01"	"FRE-SMB01"	"frefs1"	"StratComm"	"/Shares/REPLICATE/StratComm"	"\\?\UNC\frefs1\StratComm"
"NY7-NTAP01"	"FRE-SMB01"	"FRE-SMB01"	"frefs1"	"Substation"	"/Shares/REPLICATE/substation"	"\\?\UNC\frefs1\Substation"
"NY7-NTAP01"	"FRE-SMB01"	"FRE-SMB01"	"frefs1"	"UpdateManager"	"/Shares/REPLICATE/UpdateManager"	"\\?\UNC\frefs1\UpdateManager"
"NY7-NTAP01"	"FRE-SMB01"	"FRE-SMB01"	"frefs1"	"Video"	"/Shares/REPLICATE/Video"	"\\?\UNC\frefs1\Video"
"NY7-NTAP01"	"HAM-SMB01"	"HAM-SMB01"	"hamfs1"	"Shares$"	"/Shares"	"\\?\UNC\hamfs1\Shares$"
"NY7-NTAP01"	"HAM-SMB01"	"HAM-SMB01"	"hamfs1"	"Xchange"	"/Shares/NONREPLICATE/Xchange"	"\\?\UNC\hamfs1\Xchange"
"NY7-NTAP01"	"HAM-SMB01"	"HAM-SMB01"	"hamfs1"	"Facilities"	"/Shares/REPLICATE/Facilities"	"\\?\UNC\hamfs1\Facilities"
"NY7-NTAP01"	"HAM-SMB01"	"HAM-SMB01"	"hamfs1"	"Line"	"/Shares/REPLICATE/Line"	"\\?\UNC\hamfs1\Line"
"NY7-NTAP01"	"HAM-SMB01"	"HAM-SMB01"	"hamfs1"	"Projects"	"/Shares/REPLICATE/Projects"	"\\?\UNC\hamfs1\Projects"
"NY7-NTAP01"	"HAM-SMB01"	"HAM-SMB01"	"hamfs1"	"SAS"	"/Shares/REPLICATE/SAS"	"\\?\UNC\hamfs1\SAS"
"NY7-NTAP01"	"HAM-SMB01"	"HAM-SMB01"	"hamfs1"	"Substation"	"/Shares/REPLICATE/Substation"	"\\?\UNC\hamfs1\Substation"
"NY7-NTAP01"	"MTL-SMB01"	"MTL-SMB01"	"mtlfs1"	"Shares$"	"/Shares"	"\\?\UNC\mtlfs1\Shares$"
"NY7-NTAP01"	"MTL-SMB01"	"MTL-SMB01"	"mtlfs1"	"Xchange"	"/Shares/NONREPLICATE/Xchange"	"\\?\UNC\mtlfs1\Xchange"
"NY7-NTAP01"	"MTL-SMB01"	"MTL-SMB01"	"mtlfs1"	"Reference"	"/Shares/REPLICATE/Reference"	"\\?\UNC\mtlfs1\Reference"
"NY7-NTAP01"	"MTL-SMB01"	"MTL-SMB01"	"mtlfs1"	"Public"	"/Shares/REPLICATE/Shared/Public"	"\\?\UNC\mtlfs1\Public"
"NY7-NTAP01"	"MTL-SMB01"	"MTL-SMB01"	"mtlfs1"	"Restricted"	"/Shares/REPLICATE/Shared/Restricted"	"\\?\UNC\mtlfs1\Restricted"
"NY7-NTAP01"	"MTL-SMB01"	"MTL-SMB01"	"mtlfs1"	"Substation"	"/Shares/REPLICATE/Shared/Substation"	"\\?\UNC\mtlfs1\Substation"
"NY7-NTAP01"	"MTL-SMB01"	"MTL-SMB01"	"mtlfs1"	"CAE"	"/Shares/REPLICATE/Smartplant/CAE"	"\\?\UNC\mtlfs1\CAE"
"NY7-NTAP01"	"NY7-SMB01"	"NY7-SMB01"	"ny7fs1"	"Shares$"	"/Shares"	"\\?\UNC\ny7fs1\Shares$"
"NY7-NTAP01"	"NY7-SMB01"	"NY7-SMB01"	"ny7fs1"	"Xchange"	"/Shares/NONREPLICATE/Xchange"	"\\?\UNC\ny7fs1\Xchange"
"NY7-NTAP01"	"NY7-SMB01"	"NY7-SMB01"	"ny7fs1"	"Line"	"/Shares/REPLICATE/Line"	"\\?\UNC\ny7fs1\Line"
"NY7-NTAP01"	"NY7-SMB01"	"NY7-SMB01"	"ny7fs1"	"PD_DistMgmt"	"/Shares/REPLICATE/PD_DistMgmt"	"\\?\UNC\ny7fs1\PD_DistMgmt"
"NY7-NTAP01"	"NY7-SMB01"	"NY7-SMB01"	"ny7fs1"	"UpdateManager"	"/Shares/REPLICATE/UpdateManager"	"\\?\UNC\ny7fs1\UpdateManager"
"NY7-NTAP01"	"ORA-SMB01"	"ORA-SMB01"	"orafs1"	"Shares$"	"/Shares"	"\\?\UNC\orafs1\Shares$"
"NY7-NTAP01"	"ORA-SMB01"	"ORA-SMB01"	"orafs1"	"Xchange"	"/Shares/NONREPLICATE/Xchange"	"\\?\UNC\orafs1\Xchange"
"NY7-NTAP01"	"ORA-SMB01"	"ORA-SMB01"	"orafs1"	"Apps"	"/Shares/REPLICATE/Apps"	"\\?\UNC\orafs1\Apps"
"NY7-NTAP01"	"ORA-SMB01"	"ORA-SMB01"	"orafs1"	"Public"	"/Shares/REPLICATE/B&R Public"	"\\?\UNC\orafs1\Public"
"NY7-NTAP01"	"ORA-SMB01"	"ORA-SMB01"	"orafs1"	"Restricted"	"/Shares/REPLICATE/B&R Restricted"	"\\?\UNC\orafs1\Restricted"
"NY7-NTAP01"	"ORA-SMB01"	"ORA-SMB01"	"orafs1"	"Operations"	"/Shares/REPLICATE/Operations"	"\\?\UNC\orafs1\Operations"
"NY7-NTAP01"	"ORA-SMB01"	"ORA-SMB01"	"orafs1"	"Printroom_Requests"	"/Shares/REPLICATE/Printroom_Requests"	"\\?\UNC\orafs1\Printroom_Requests"
"NY7-NTAP01"	"ORA-SMB01"	"ORA-SMB01"	"orafs1"	"Substation"	"/Shares/REPLICATE/Substation"	"\\?\UNC\orafs1\Substation"
"NY7-NTAP01"	"ORA-SMB01"	"ORA-SMB01"	"orafs1"	"UpdateManager"	"/Shares/REPLICATE/UpdateManager"	"\\?\UNC\orafs1\UpdateManager"
"NY7-NTAP01"	"RIC-SMB01"	"RIC-SMB01"	"ricfs1"	"Shares$"	"/Shares"	"\\?\UNC\ricfs1\Shares$"
"NY7-NTAP01"	"RIC-SMB01"	"RIC-SMB01"	"ricfs1"	"Xchange"	"/Shares/NONREPLICATE/Xchange"	"\\?\UNC\ricfs1\Xchange"
"NY7-NTAP01"	"RIC-SMB01"	"RIC-SMB01"	"ricfs1"	"Admin"	"/Shares/REPLICATE/Admin"	"\\?\UNC\ricfs1\Admin"
"NY7-NTAP01"	"RIC-SMB01"	"RIC-SMB01"	"ricfs1"	"Enviro_Service"	"/Shares/REPLICATE/Enviro_Service"	"\\?\UNC\ricfs1\Enviro_Service"
"NY7-NTAP01"	"RIC-SMB01"	"RIC-SMB01"	"ricfs1"	"Substation"	"/Shares/REPLICATE/Substation"	"\\?\UNC\ricfs1\Substation"
"NY7-NTAP01"	"SYR-SMB01"	"SYR-SMB01"	"syrfs1"	"Shares$"	"/Shares"	"\\?\UNC\syrfs1\Shares$"
"NY7-NTAP01"	"SYR-SMB01"	"SYR-SMB01"	"syrfs1"	"Xchange"	"/Shares/NONREPLICATE/Xchange"	"\\?\UNC\syrfs1\Xchange"
"NY7-NTAP01"	"SYR-SMB01"	"SYR-SMB01"	"syrfs1"	"Line"	"/Shares/REPLICATE/line"	"\\?\UNC\syrfs1\Line"
"NY7-NTAP01"	"SYR-SMB01"	"SYR-SMB01"	"syrfs1"	"PD_DistMgmt"	"/Shares/REPLICATE/PD_DistMgmt"	"\\?\UNC\syrfs1\PD_DistMgmt"
"NY7-NTAP01"	"SYR-SMB01"	"SYR-SMB01"	"syrfs1"	"PD_ProjMgmt"	"/Shares/REPLICATE/PD_ProjMgmt"	"\\?\UNC\syrfs1\PD_ProjMgmt"
"NY7-NTAP01"	"SYR-SMB01"	"SYR-SMB01"	"syrfs1"	"SAS"	"/Shares/REPLICATE/sas"	"\\?\UNC\syrfs1\SAS"
"NY7-NTAP01"	"SYR-SMB01"	"SYR-SMB01"	"syrfs1"	"Substation"	"/Shares/REPLICATE/substation"	"\\?\UNC\syrfs1\Substation"
"SE4-NTAP01"	"BIL-SMB01"	"BIL-SMB01"	"bilfs1"	"Shares$"	"/Shares"	"\\?\UNC\bilfs1\Shares$"
"SE4-NTAP01"	"BIL-SMB01"	"BIL-SMB01"	"bilfs1"	"Xchange"	"/Shares/NONREPLICATE/Xchange"	"\\?\UNC\bilfs1\Xchange"
"SE4-NTAP01"	"BIL-SMB01"	"BIL-SMB01"	"bilfs1"	"Scada"	"/Shares/REPLICATE/scada"	"\\?\UNC\bilfs1\Scada"
"SE4-NTAP01"	"BIL-SMB01"	"BIL-SMB01"	"bilfs1"	"Substation"	"/Shares/REPLICATE/substation"	"\\?\UNC\bilfs1\Substation"
"SE4-NTAP01"	"BIL-SMB01"	"BIL-SMB01"	"bilfs1"	"UpdateManager"	"/Shares/REPLICATE/UpdateManager"	"\\?\UNC\bilfs1\UpdateManager"
"SE4-NTAP01"	"BOI-SMB01"	"BOI-SMB01"	"boifs1"	"Shares$"	"/Shares"	"\\?\UNC\boifs1\Shares$"
"SE4-NTAP01"	"BOI-SMB01"	"BOI-SMB01"	"boifs1"	"Accounting"	"/Shares/Accounting"	"\\?\UNC\boifs1\Accounting"
"SE4-NTAP01"	"BOI-SMB01"	"BOI-SMB01"	"boifs1"	"AEP_OE_Projects"	"/Shares/AEP_OE_Projects"	"\\?\UNC\boifs1\AEP_OE_Projects"
"SE4-NTAP01"	"BOI-SMB01"	"BOI-SMB01"	"boifs1"	"Archive"	"/Shares/Archive"	"\\?\UNC\boifs1\Archive"
"SE4-NTAP01"	"BOI-SMB01"	"BOI-SMB01"	"boifs1"	"BKK_Data"	"/Shares/BKK_Data"	"\\?\UNC\boifs1\BKK_Data"
"SE4-NTAP01"	"BOI-SMB01"	"BOI-SMB01"	"boifs1"	"CAD_Standards"	"/Shares/CAD_Standards"	"\\?\UNC\boifs1\CAD_Standards"
"SE4-NTAP01"	"BOI-SMB01"	"BOI-SMB01"	"boifs1"	"CDLibrary"	"/Shares/CDLibrary"	"\\?\UNC\boifs1\CDLibrary"
"SE4-NTAP01"	"BOI-SMB01"	"BOI-SMB01"	"boifs1"	"Civil"	"/Shares/Civil"	"\\?\UNC\boifs1\Civil"
"SE4-NTAP01"	"BOI-SMB01"	"BOI-SMB01"	"boifs1"	"Enviro"	"/Shares/Enviro"	"\\?\UNC\boifs1\Enviro"
"SE4-NTAP01"	"BOI-SMB01"	"BOI-SMB01"	"boifs1"	"FAC_Elec_Cntls"	"/Shares/FAC_Elec_Cntls"	"\\?\UNC\boifs1\FAC_Elec_Cntls"
"SE4-NTAP01"	"BOI-SMB01"	"BOI-SMB01"	"boifs1"	"FAC_Shared"	"/Shares/FAC_Shared"	"\\?\UNC\boifs1\FAC_Shared"
"SE4-NTAP01"	"BOI-SMB01"	"BOI-SMB01"	"boifs1"	"Facilities"	"/Shares/Facilities"	"\\?\UNC\boifs1\Facilities"
"SE4-NTAP01"	"BOI-SMB01"	"BOI-SMB01"	"boifs1"	"Federal"	"/Shares/Federal"	"\\?\UNC\boifs1\Federal"
"SE4-NTAP01"	"BOI-SMB01"	"BOI-SMB01"	"boifs1"	"Generation"	"/Shares/Generation"	"\\?\UNC\boifs1\Generation"
"SE4-NTAP01"	"BOI-SMB01"	"BOI-SMB01"	"boifs1"	"GIS"	"/Shares/GIS"	"\\?\UNC\boifs1\GIS"
"SE4-NTAP01"	"BOI-SMB01"	"BOI-SMB01"	"boifs1"	"GIS_Data"	"/Shares/GIS_data"	"\\?\UNC\boifs1\GIS_Data"
"SE4-NTAP01"	"BOI-SMB01"	"BOI-SMB01"	"boifs1"	"GIS_Softdist"	"/Shares/GIS_softdist"	"\\?\UNC\boifs1\GIS_Softdist"
"SE4-NTAP01"	"BOI-SMB01"	"BOI-SMB01"	"boifs1"	"HRBenefits"	"/Shares/HRBenefits"	"\\?\UNC\boifs1\HRBenefits"
"SE4-NTAP01"	"BOI-SMB01"	"BOI-SMB01"	"boifs1"	"INDadmin"	"/Shares/INDadmin"	"\\?\UNC\boifs1\INDadmin"
"SE4-NTAP01"	"BOI-SMB01"	"BOI-SMB01"	"boifs1"	"IndustPM"	"/Shares/IndustPM"	"\\?\UNC\boifs1\IndustPM"
"SE4-NTAP01"	"BOI-SMB01"	"BOI-SMB01"	"boifs1"	"Industrial"	"/Shares/Industrial"	"\\?\UNC\boifs1\Industrial"
"SE4-NTAP01"	"BOI-SMB01"	"BOI-SMB01"	"boifs1"	"ITES"	"/Shares/ITES"	"\\?\UNC\boifs1\ITES"
"SE4-NTAP01"	"BOI-SMB01"	"BOI-SMB01"	"boifs1"	"ITxchange"	"/Shares/ITxchange"	"\\?\UNC\boifs1\ITxchange"
"SE4-NTAP01"	"BOI-SMB01"	"BOI-SMB01"	"boifs1"	"Legal"	"/Shares/Legal"	"\\?\UNC\boifs1\Legal"
"SE4-NTAP01"	"BOI-SMB01"	"BOI-SMB01"	"boifs1"	"Lidar"	"/Shares/Lidar"	"\\?\UNC\boifs1\Lidar"
"SE4-NTAP01"	"BOI-SMB01"	"BOI-SMB01"	"boifs1"	"Line"	"/Shares/Line"	"\\?\UNC\boifs1\Line"
"SE4-NTAP01"	"BOI-SMB01"	"BOI-SMB01"	"boifs1"	"Operations"	"/Shares/Operations"	"\\?\UNC\boifs1\Operations"
"SE4-NTAP01"	"BOI-SMB01"	"BOI-SMB01"	"boifs1"	"PD_DistMgmt"	"/Shares/PD_DistMgmt"	"\\?\UNC\boifs1\PD_DistMgmt"
"SE4-NTAP01"	"BOI-SMB01"	"BOI-SMB01"	"boifs1"	"PD_Prog_Mgmt"	"/Shares/PD_Prog_Mgmt"	"\\?\UNC\boifs1\PD_Prog_Mgmt"
"SE4-NTAP01"	"BOI-SMB01"	"BOI-SMB01"	"boifs1"	"Printroom_Requests"	"/Shares/Printroom_Requests"	"\\?\UNC\boifs1\Printroom_Requests"
"SE4-NTAP01"	"BOI-SMB01"	"BOI-SMB01"	"boifs1"	"Processing"	"/Shares/Processing"	"\\?\UNC\boifs1\Processing"
"SE4-NTAP01"	"BOI-SMB01"	"BOI-SMB01"	"boifs1"	"ProjControl"	"/Shares/ProjControl"	"\\?\UNC\boifs1\ProjControl"
"SE4-NTAP01"	"BOI-SMB01"	"BOI-SMB01"	"boifs1"	"Projects"	"/Shares/Projects"	"\\?\UNC\boifs1\Projects"
"SE4-NTAP01"	"BOI-SMB01"	"BOI-SMB01"	"boifs1"	"Reference"	"/Shares/Reference"	"\\?\UNC\boifs1\Reference"
"SE4-NTAP01"	"BOI-SMB01"	"BOI-SMB01"	"boifs1"	"Studies"	"/Shares/Studies"	"\\?\UNC\boifs1\Studies"
"SE4-NTAP01"	"BOI-SMB01"	"BOI-SMB01"	"boifs1"	"Substation"	"/Shares/Substation"	"\\?\UNC\boifs1\Substation"
"SE4-NTAP01"	"BOI-SMB01"	"BOI-SMB01"	"boifs1"	"TD"	"/Shares/TD"	"\\?\UNC\boifs1\TD"
"SE4-NTAP01"	"BOI-SMB01"	"BOI-SMB01"	"boifs1"	"TnD_GIS_PM"	"/Shares/TnD_GIS_PM"	"\\?\UNC\boifs1\TnD_GIS_PM"
"SE4-NTAP01"	"BOI-SMB01"	"BOI-SMB01"	"boifs1"	"vCAD"	"/Shares/vCAD"	"\\?\UNC\boifs1\vCAD"
"SE4-NTAP01"	"BOI-SMB01"	"BOI-SMB01"	"boifs1"	"VendSubmit"	"/Shares/VendSubmit"	"\\?\UNC\boifs1\VendSubmit"
"SE4-NTAP01"	"BOI-SMB01"	"BOI-SMB01"	"boifs1"	"Visual_Tech"	"/Shares/Visual_Tech"	"\\?\UNC\boifs1\Visual_Tech"
"SE4-NTAP01"	"BOI-SMB01"	"BOI-SMB01"	"boifs1"	"Xchange"	"/Shares/Xchange"	"\\?\UNC\boifs1\Xchange"
"SE4-NTAP01"	"CLK-SMB01"	"CLK-SMB01"	"clkfs1"	"Shares$"	"/Shares"	"\\?\UNC\clkfs1\Shares$"
"SE4-NTAP01"	"CLK-SMB01"	"CLK-SMB01"	"clkfs1"	"Xchange"	"/Shares/NONREPLICATE/Xchange"	"\\?\UNC\clkfs1\Xchange"
"SE4-NTAP01"	"CLK-SMB01"	"CLK-SMB01"	"clkfs1"	"Reference"	"/Shares/REPLICATE/Reference"	"\\?\UNC\clkfs1\Reference"
"SE4-NTAP01"	"CLK-SMB01"	"CLK-SMB01"	"clkfs1"	"Studies"	"/Shares/REPLICATE/Studies"	"\\?\UNC\clkfs1\Studies"
"SE4-NTAP01"	"CLK-SMB01"	"CLK-SMB01"	"clkfs1"	"Visual_Tech"	"/Shares/REPLICATE/Visual_tech"	"\\?\UNC\clkfs1\Visual_Tech"
"SE4-NTAP01"	"HLY-SMB01"	"HLY-SMB01"	"hlyfs1"	"Shares$"	"/Shares"	"\\?\UNC\hlyfs1\Shares$"
"SE4-NTAP01"	"HLY-SMB01"	"HLY-SMB01"	"hlyfs1"	"Accounting"	"/Shares/Accounting"	"\\?\UNC\hlyfs1\Accounting"
"SE4-NTAP01"	"HLY-SMB01"	"HLY-SMB01"	"hlyfs1"	"Admin"	"/Shares/Admin"	"\\?\UNC\hlyfs1\Admin"
"SE4-NTAP01"	"HLY-SMB01"	"HLY-SMB01"	"hlyfs1"	"Architec"	"/Shares/Architec"	"\\?\UNC\hlyfs1\Architec"
"SE4-NTAP01"	"HLY-SMB01"	"HLY-SMB01"	"hlyfs1"	"BD"	"/Shares/BD"	"\\?\UNC\hlyfs1\BD"
"SE4-NTAP01"	"HLY-SMB01"	"HLY-SMB01"	"hlyfs1"	"BD_Archive"	"/Shares/BD_Archive"	"\\?\UNC\hlyfs1\BD_Archive"
"SE4-NTAP01"	"HLY-SMB01"	"HLY-SMB01"	"hlyfs1"	"BDArt"	"/Shares/BDArt"	"\\?\UNC\hlyfs1\BDArt"
"SE4-NTAP01"	"HLY-SMB01"	"HLY-SMB01"	"hlyfs1"	"Civil"	"/Shares/Civil"	"\\?\UNC\hlyfs1\Civil"
"SE4-NTAP01"	"HLY-SMB01"	"HLY-SMB01"	"hlyfs1"	"ClientStd"	"/Shares/ClientStd"	"\\?\UNC\hlyfs1\ClientStd"
"SE4-NTAP01"	"HLY-SMB01"	"HLY-SMB01"	"hlyfs1"	"Controls"	"/Shares/Controls"	"\\?\UNC\hlyfs1\Controls"
"SE4-NTAP01"	"HLY-SMB01"	"HLY-SMB01"	"hlyfs1"	"DSS"	"/Shares/DSS"	"\\?\UNC\hlyfs1\DSS"
"SE4-NTAP01"	"HLY-SMB01"	"HLY-SMB01"	"hlyfs1"	"Electrical"	"/Shares/Electrical"	"\\?\UNC\hlyfs1\Electrical"
"SE4-NTAP01"	"HLY-SMB01"	"HLY-SMB01"	"hlyfs1"	"Enviro"	"/Shares/Enviro"	"\\?\UNC\hlyfs1\Enviro"
"SE4-NTAP01"	"HLY-SMB01"	"HLY-SMB01"	"hlyfs1"	"Fleet"	"/Shares/Fleet"	"\\?\UNC\hlyfs1\Fleet"
"SE4-NTAP01"	"HLY-SMB01"	"HLY-SMB01"	"hlyfs1"	"Generation"	"/Shares/Generation"	"\\?\UNC\hlyfs1\Generation"
"SE4-NTAP01"	"HLY-SMB01"	"HLY-SMB01"	"hlyfs1"	"HmnRsrcs"	"/Shares/HmnRsrcs"	"\\?\UNC\hlyfs1\HmnRsrcs"
"SE4-NTAP01"	"HLY-SMB01"	"HLY-SMB01"	"hlyfs1"	"HRPayroll"	"/Shares/HRPayroll"	"\\?\UNC\hlyfs1\HRPayroll"
"SE4-NTAP01"	"HLY-SMB01"	"HLY-SMB01"	"hlyfs1"	"IndProco"	"/Shares/IndProco"	"\\?\UNC\hlyfs1\IndProco"
"SE4-NTAP01"	"HLY-SMB01"	"HLY-SMB01"	"hlyfs1"	"ITES"	"/Shares/ITES"	"\\?\UNC\hlyfs1\ITES"
"SE4-NTAP01"	"HLY-SMB01"	"HLY-SMB01"	"hlyfs1"	"ITOpsPM"	"/Shares/ITOpsPM"	"\\?\UNC\hlyfs1\ITOpsPM"
"SE4-NTAP01"	"HLY-SMB01"	"HLY-SMB01"	"hlyfs1"	"Legal"	"/Shares/Legal"	"\\?\UNC\hlyfs1\Legal"
"SE4-NTAP01"	"HLY-SMB01"	"HLY-SMB01"	"hlyfs1"	"Legal2$"	"/Shares/Legal2"	"\\?\UNC\hlyfs1\Legal2$"
"SE4-NTAP01"	"HLY-SMB01"	"HLY-SMB01"	"hlyfs1"	"Line"	"/Shares/Line"	"\\?\UNC\hlyfs1\Line"
"SE4-NTAP01"	"HLY-SMB01"	"HLY-SMB01"	"hlyfs1"	"Line_Lidar"	"/Shares/Line_Lidar"	"\\?\UNC\hlyfs1\Line_Lidar"
"SE4-NTAP01"	"HLY-SMB01"	"HLY-SMB01"	"hlyfs1"	"Mechanical"	"/Shares/Mechanical"	"\\?\UNC\hlyfs1\Mechanical"
"SE4-NTAP01"	"HLY-SMB01"	"HLY-SMB01"	"hlyfs1"	"Operations"	"/Shares/Operations"	"\\?\UNC\hlyfs1\Operations"
"SE4-NTAP01"	"HLY-SMB01"	"HLY-SMB01"	"hlyfs1"	"OpsDivMgmt"	"/Shares/OpsDivMgmt"	"\\?\UNC\hlyfs1\OpsDivMgmt"
"SE4-NTAP01"	"HLY-SMB01"	"HLY-SMB01"	"hlyfs1"	"OpsMgmt"	"/Shares/OpsMgmt"	"\\?\UNC\hlyfs1\OpsMgmt"
"SE4-NTAP01"	"HLY-SMB01"	"HLY-SMB01"	"hlyfs1"	"PCI"	"/Shares/PCI"	"\\?\UNC\hlyfs1\PCI"
"SE4-NTAP01"	"HLY-SMB01"	"HLY-SMB01"	"hlyfs1"	"PD_DistMgmt"	"/Shares/PD_DistMgmt"	"\\?\UNC\hlyfs1\PD_DistMgmt"
"SE4-NTAP01"	"HLY-SMB01"	"HLY-SMB01"	"hlyfs1"	"Powernetdocs"	"/Shares/Powernetdocs"	"\\?\UNC\hlyfs1\Powernetdocs"
"SE4-NTAP01"	"HLY-SMB01"	"HLY-SMB01"	"hlyfs1"	"Printroom_Requests"	"/Shares/Printroom_Requests"	"\\?\UNC\hlyfs1\Printroom_Requests"
"SE4-NTAP01"	"HLY-SMB01"	"HLY-SMB01"	"hlyfs1"	"Projects"	"/Shares/Projects"	"\\?\UNC\hlyfs1\Projects"
"SE4-NTAP01"	"HLY-SMB01"	"HLY-SMB01"	"hlyfs1"	"ProjectShare"	"/Shares/ProjectShare"	"\\?\UNC\hlyfs1\ProjectShare"
"SE4-NTAP01"	"HLY-SMB01"	"HLY-SMB01"	"hlyfs1"	"Rebis"	"/Shares/Rebis"	"\\?\UNC\hlyfs1\Rebis"
"SE4-NTAP01"	"HLY-SMB01"	"HLY-SMB01"	"hlyfs1"	"Reference"	"/Shares/Reference"	"\\?\UNC\hlyfs1\Reference"
"SE4-NTAP01"	"HLY-SMB01"	"HLY-SMB01"	"hlyfs1"	"Studies"	"/Shares/Studies"	"\\?\UNC\hlyfs1\Studies"
"SE4-NTAP01"	"HLY-SMB01"	"HLY-SMB01"	"hlyfs1"	"Substation"	"/Shares/Substation"	"\\?\UNC\hlyfs1\Substation"
"SE4-NTAP01"	"HLY-SMB01"	"HLY-SMB01"	"hlyfs1"	"TanDpm"	"/Shares/TanDpm"	"\\?\UNC\hlyfs1\TanDpm"
"SE4-NTAP01"	"HLY-SMB01"	"HLY-SMB01"	"hlyfs1"	"TanDproco"	"/Shares/TanDproco"	"\\?\UNC\hlyfs1\TanDproco"
"SE4-NTAP01"	"HLY-SMB01"	"HLY-SMB01"	"hlyfs1"	"TanDProdMgmt"	"/Shares/TanDProdMgmt"	"\\?\UNC\hlyfs1\TanDProdMgmt"
"SE4-NTAP01"	"HLY-SMB01"	"HLY-SMB01"	"hlyfs1"	"Xchange"	"/Shares/Xchange"	"\\?\UNC\hlyfs1\Xchange"
"SE4-NTAP01"	"ITO-SMB01"	"ITO-SMB01"	"itofs1"	"Shares$"	"/Shares"	"\\?\UNC\itofs1\Shares$"
"SE4-NTAP01"	"ITO-SMB01"	"ITO-SMB01"	"itofs1"	"Xchange"	"/Shares/NONREPLICATE/Xchange"	"\\?\UNC\itofs1\Xchange"
"SE4-NTAP01"	"ITO-SMB01"	"ITO-SMB01"	"itofs1"	"Admin"	"/Shares/REPLICATE/Admin"	"\\?\UNC\itofs1\Admin"
"SE4-NTAP01"	"ITO-SMB01"	"ITO-SMB01"	"itofs1"	"Facilities"	"/Shares/REPLICATE/Facilities"	"\\?\UNC\itofs1\Facilities"
"SE4-NTAP01"	"ITO-SMB01"	"ITO-SMB01"	"itofs1"	"HHMI"	"/Shares/REPLICATE/HHMI"	"\\?\UNC\itofs1\HHMI"
"SE4-NTAP01"	"ITO-SMB01"	"ITO-SMB01"	"itofs1"	"Substation"	"/Shares/REPLICATE/Substation"	"\\?\UNC\itofs1\Substation"
"SE4-NTAP01"	"PTL-SMB01"	"PTL-SMB01"	"ptlfs1"	"Shares$"	"/Shares"	"\\?\UNC\ptlfs1\Shares$"
"SE4-NTAP01"	"PTL-SMB01"	"PTL-SMB01"	"ptlfs1"	"Xchange"	"/Shares/NONREPLICATE/Xchange"	"\\?\UNC\ptlfs1\Xchange"
"SE4-NTAP01"	"PTL-SMB01"	"PTL-SMB01"	"ptlfs1"	"Environmental"	"/Shares/REPLICATE/Environmental"	"\\?\UNC\ptlfs1\Environmental"
"SE4-NTAP01"	"PTL-SMB01"	"PTL-SMB01"	"ptlfs1"	"Line"	"/Shares/REPLICATE/Line"	"\\?\UNC\ptlfs1\Line"
"SE4-NTAP01"	"PTL-SMB01"	"PTL-SMB01"	"ptlfs1"	"PD_DistMgmt"	"/Shares/REPLICATE/PD_DistMgmt"	"\\?\UNC\ptlfs1\PD_DistMgmt"
"SE4-NTAP01"	"PTL-SMB01"	"PTL-SMB01"	"ptlfs1"	"Projects"	"/Shares/REPLICATE/Projects"	"\\?\UNC\ptlfs1\Projects"
"SE4-NTAP01"	"PTL-SMB01"	"PTL-SMB01"	"ptlfs1"	"Studies"	"/Shares/REPLICATE/Studies"	"\\?\UNC\ptlfs1\Studies"
"SE4-NTAP01"	"PTL-SMB01"	"PTL-SMB01"	"ptlfs1"	"Substation"	"/Shares/REPLICATE/Substation"	"\\?\UNC\ptlfs1\Substation"
"SE4-NTAP01"	"PTL-SMB01"	"PTL-SMB01"	"ptlfs1"	"Cad"	"/Shares/REPLICATE/Substation/Cad"	"\\?\UNC\ptlfs1\Cad"
"SE4-NTAP01"	"PTL-SMB01"	"PTL-SMB01"	"ptlfs1"	"UpdateManager"	"/Shares/REPLICATE/UpdateManager"	"\\?\UNC\ptlfs1\UpdateManager"
"SE4-NTAP01"	"SE4-SMB01"	"SE4-SMB01"	"se4fs1"	"Shares$"	"/Shares"	"\\?\UNC\se4fs1\Shares$"
"SE4-NTAP01"	"SE4-SMB01"	"SE4-SMB01"	"se4fs1"	"Xchange"	"/Shares/NONREPLICATE/Xchange"	"\\?\UNC\se4fs1\Xchange"
"SE4-NTAP01"	"SE4-SMB01"	"SE4-SMB01"	"se4fs1"	"Archive"	"/Shares/REPLICATE/Archive"	"\\?\UNC\se4fs1\Archive"
"SE4-NTAP01"	"SE4-SMB01"	"SE4-SMB01"	"se4fs1"	"UpdateManager"	"/Shares/REPLICATE/UpdateManager"	"\\?\UNC\se4fs1\UpdateManager"
"SE4-NTAP01"	"VAN-SMB01"	"VAN-SMB01"	"vanfs1"	"Shares$"	"/Shares"	"\\?\UNC\vanfs1\Shares$"
"SE4-NTAP01"	"VAN-SMB01"	"VAN-SMB01"	"vanfs1"	"Xchange"	"/Shares/NONREPLICATE/Xchange"	"\\?\UNC\vanfs1\Xchange"
"SE4-NTAP01"	"VAN-SMB01"	"VAN-SMB01"	"vanfs1"	"Corp_PTE"	"/Shares/REPLICATE/Corp_PTE"	"\\?\UNC\vanfs1\Corp_PTE"
"SE4-NTAP01"	"VAN-SMB01"	"VAN-SMB01"	"vanfs1"	"Software"	"/Shares/REPLICATE/Software"	"\\?\UNC\vanfs1\Software"
"SE4-NTAP01"	"VAN-SMB01"	"VAN-SMB01"	"vanfs1"	"TnDtesting"	"/Shares/REPLICATE/TnDtesting"	"\\?\UNC\vanfs1\TnDtesting"
"SE4-NTAP01"	"VAN-SMB01"	"VAN-SMB01"	"vanfs1"	"Training"	"/Shares/REPLICATE/Training"	"\\?\UNC\vanfs1\Training"
"YYC01-NTAP01"	"YYC01-SMB01"	"YYC01-SMB01"	"adcfs1"	"Shares$"	"/Shares"	"\\?\UNC\adcfs1\Shares$"
"YYC01-NTAP01"	"YYC01-SMB01"	"YYC01-SMB01"	"adcfs1"	"Xchange"	"/Shares/NONREPLICATE/Xchange"	"\\?\UNC\adcfs1\Xchange"
"YYC01-NTAP01"	"YYC01-SMB01"	"YYC01-SMB01"	"adcfs1"	"Line"	"/Shares/REPLICATE/Line"	"\\?\UNC\adcfs1\Line"
"YYC01-NTAP01"	"YYC01-SMB01"	"YYC01-SMB01"	"adcfs1"	"PD_DistMgmt"	"/Shares/REPLICATE/PD_DistMgmt"	"\\?\UNC\adcfs1\PD_DistMgmt"
"YYC01-NTAP01"	"YYC01-SMB01"	"YYC01-SMB01"	"adcfs1"	"Reference"	"/Shares/REPLICATE/Reference"	"\\?\UNC\adcfs1\Reference"
"YYC01-NTAP01"	"YYC01-SMB01"	"YYC01-SMB01"	"adcfs1"	"Studies"	"/Shares/REPLICATE/Studies"	"\\?\UNC\adcfs1\Studies"
"YYC01-NTAP01"	"YYC01-SMB01"	"YYC01-SMB01"	"adcfs1"	"UpdateManager"	"/Shares/REPLICATE/UpdateManager"	"\\?\UNC\adcfs1\UpdateManager"
