"ShareName"	"Directories"	"Files"	"TotalSize"	"LT1Count"	"LT1Size"	"GE1Count"	"GE1Size"	"GE2Count"	"GE2Size"	"GE3Count"	"GE3Size"	"GE4Count"	"GE4Size"	"GE5Count"	"GE5Size"	"GE6Count"	"GE6Size"	"GE7Count"	"GE7Size"	"GE8Count"	"GE8Size"	"GE9Count"	"GE9Size"	"GE10Count"	"GE10Size"
"\\houfs1\Archive"	"2801"	"37181"	"176802655355"	"0"	"0"	"37181"	"176802655355"	"37181"	"176802655355"	"37181"	"176802655355"	"37181"	"176802655355"	"37180"	"176802650235"	"37180"	"176802650235"	"37180"	"176802650235"	"37180"	"176802650235"	"37180"	"176802650235"	"37174"	"176802437243"
"\\houfs1\Enviro"	"57737"	"440742"	"1283795438451"	"13789"	"41230341400"	"426953"	"1242565097051"	"403325"	"1200958702847"	"379214"	"1163581580749"	"351721"	"1108161762211"	"328093"	"1052410803551"	"304135"	"925902460784"	"225240"	"778233408549"	"204710"	"622314435971"	"187812"	"563307249671"	"165950"	"522924521098"
"\\houfs1\Line"	"8826"	"67574"	"286211369716"	"0"	"0"	"67574"	"286211369716"	"67572"	"286211369032"	"67268"	"286036356266"	"66145"	"274935638371"	"61929"	"225124907776"	"53864"	"161964854725"	"46921"	"155572534473"	"44294"	"153808892508"	"43382"	"152311172299"	"40732"	"149584890909"
"\\houfs1\Reference"	"204"	"16015"	"911971754704"	"0"	"0"	"16015"	"911971754704"	"16015"	"911971754704"	"16015"	"911971754704"	"16015"	"911971754704"	"16015"	"911971754704"	"16015"	"911971754704"	"16015"	"911971754704"	"0"	"0"	"0"	"0"	"0"	"0"
"\\houfs1\Shares$"	"5766"	"166328"	"28902834412"	"343"	"2959695236"	"165985"	"25943139176"	"163690"	"17789112384"	"145686"	"11330395035"	"139457"	"9984712920"	"135814"	"7950787612"	"103708"	"7079041762"	"86255"	"5752234156"	"82472"	"5197074477"	"80671"	"4967052475"	"72670"	"4502060766"
"\\houfs1\Substation"	"156810"	"1423393"	"2428126491836"	"40889"	"89809559450"	"1382504"	"2338316932386"	"1323854"	"2220953479649"	"1255895"	"2067946716766"	"1182388"	"1870234778253"	"1109087"	"1564461132618"	"1021937"	"1282274557411"	"922798"	"1085732748287"	"802699"	"876433893177"	"661663"	"685930560974"	"545151"	"541279748765"
"\\houfs1\TnDtesting"	"1154"	"7412"	"11958395607"	"0"	"0"	"7412"	"11958395607"	"7412"	"11958395607"	"7412"	"11958395607"	"7412"	"11958395607"	"7406"	"11958308889"	"7406"	"11958308889"	"7243"	"11797734472"	"6268"	"10717062028"	"5143"	"9268149202"	"2969"	"5961261225"
"\\houfs1\UpdateManager"	"5922"	"175026"	"29553555577"	"4013"	"4403237088"	"171013"	"25150318489"	"168857"	"17694631725"	"150851"	"11458272564"	"140210"	"10010813828"	"136576"	"7986991962"	"103853"	"7093318713"	"86378"	"5759756897"	"82588"	"5205567171"	"80772"	"4975291772"	"72602"	"4491361569"
"\\houfs1\Xchange"	"26"	"1"	"19058390"	"1"	"19058390"	"0"	"0"	"0"	"0"	"0"	"0"	"0"	"0"	"0"	"0"	"0"	"0"	"0"	"0"	"0"	"0"	"0"	"0"	"0"	"0"
